No.,부서 경로,성명,사용자ID,문서명,문서 종류,확장자
1,인피니 솔루션 > 경영지원 본부 > 경영기획실 > 재무 회계팀,박건아,INF76713,임시자금수지표,문서,pdf
2,인피니 솔루션 > 경영지원 본부 > 경영기획실 > 재무 회계팀,박건아,INF76713,종합감가상각명세서,문서,xlsx
3,인피니 솔루션 > 경영지원 본부 > 경영기획실 > 재무 회계팀,박건아,INF76713,요약법인카드사용내역서,문서,pdf
4,인피니 솔루션 > 경영지원 본부 > 경영기획실 > 재무 회계팀,박건아,INF76713,통합결산보고서,문서,txt
5,인피니 솔루션 > 경영지원 본부 > 경영기획실 > 재무 회계팀,박건아,INF76713,상세감가상각명세서,문서,xlsx
6,인피니 솔루션 > 경영지원 본부 > 경영기획실 > 재무 회계팀,박건아,INF76713,통합손익계산서,문서,docx
7,인피니 솔루션 > 경영지원 본부 > 경영기획실 > 재무 회계팀,박건아,INF76713,최신세금계산서,문서,csv
8,인피니 솔루션 > 경영지원 본부 > 경영기획실 > 재무 회계팀,박구희,INF96612,연간감가상각명세서,문서,txt
9,인피니 솔루션 > 경영지원 본부 > 경영기획실 > 재무 회계팀,송사신,INF45884,신규법인카드사용내역서,문서,docx
10,인피니 솔루션 > 경영지원 본부 > 경영기획실 > 재무 회계팀,신안수,INF29364,반기별지출결의서,문서,txt
11,인피니 솔루션 > 경영지원 본부 > 경영기획실 > 재무 회계팀,신안수,INF29364,최신결산보고서,문서,docx
12,인피니 솔루션 > 경영지원 본부 > 경영기획실 > 재무 회계팀,신안수,INF29364,월간회계감사자료,문서,pdf
13,인피니 솔루션 > 경영지원 본부 > 경영기획실 > 재무 회계팀,신안수,INF29364,정기세금계산서,문서,csv
14,인피니 솔루션 > 경영지원 본부 > 경영기획실 > 재무 회계팀,신안수,INF29364,정기법인카드사용내역서,문서,pdf
15,인피니 솔루션 > 경영지원 본부 > 경영기획실 > 재무 회계팀,신안수,INF29364,사전감가상각명세서,문서,xlsx
16,인피니 솔루션 > 경영지원 본부 > 경영기획실 > 재무 회계팀,신안수,INF29364,월간결산보고서,이미지,jpg
17,인피니 솔루션 > 경영지원 본부 > 경영기획실 > 재무 회계팀,신안수,INF29364,특별원가분석보고서,이미지,jpg
18,인피니 솔루션 > 경영지원 본부 > 경영기획실 > 재무 회계팀,오경재,INF29602,종합손익계산서,문서,xlsx
19,인피니 솔루션 > 경영지원 본부 > 경영기획실 > 재무 회계팀,오경재,INF29602,반기별원가분석보고서,문서,txt
20,인피니 솔루션 > 경영지원 본부 > 경영기획실 > 재무 회계팀,오경재,INF29602,상세결산보고서,문서,xlsx
21,인피니 솔루션 > 경영지원 본부 > 경영기획실 > 재무 회계팀,윤상아,INF27871,개별지출결의서,문서,pdf
22,인피니 솔루션 > 경영지원 본부 > 경영기획실 > 재무 회계팀,윤상아,INF27871,분기별세금계산서,문서,csv
23,인피니 솔루션 > 경영지원 본부 > 경영기획실 > 재무 회계팀,이의남,INF31377,연간손익계산서,문서,docx
24,인피니 솔루션 > 경영지원 본부 > 경영기획실 > 재무 회계팀,이의남,INF31377,확정법인카드사용내역서,문서,xlsx
25,인피니 솔루션 > 경영지원 본부 > 경영기획실 > 재무 회계팀,전석유,INF68780,하반기감가상각명세서,문서,xlsx
26,인피니 솔루션 > 경영지원 본부 > 경영기획실 > 재무 회계팀,전석유,INF68780,반기별법인카드사용내역서,문서,csv
27,인피니 솔루션 > 경영지원 본부 > 경영기획실 > 재무 회계팀,홍보아,INF37732,정기원가분석보고서,문서,txt
28,인피니 솔루션 > 경영지원 본부 > 경영기획실 > 재무 회계팀,홍보아,INF37732,신규세금계산서,문서,docx
29,인피니 솔루션 > 경영지원 본부 > 경영기획실 > 재무 회계팀,홍보아,INF37732,특별세금계산서,문서,pptx
30,인피니 솔루션 > 경영지원 본부 > 경영기획실 > 재무 회계팀,홍보아,INF37732,결산보고서,문서,docx
31,인피니 솔루션 > 경영지원 본부 > 경영기획실 > 재무 회계팀,홍보아,INF37732,사전결산보고서,문서,docx
32,인피니 솔루션 > 경영지원 본부 > 경영기획실 > 재무 회계팀,홍보아,INF37732,임시세금계산서,문서,docx
33,인피니 솔루션 > 경영지원 본부 > 경영기획실 > 재무 회계팀,홍보아,INF37732,개별예산계획서,문서,pdf
34,인피니 솔루션 > 경영지원 본부 > 경영기획실 > 재무 회계팀,홍보아,INF37732,최신원가분석보고서,문서,xlsx
35,인피니 솔루션 > 경영지원 본부 > 경영기획실 > 재무 회계팀,홍시용,INF45196,연간법인카드사용내역서,문서,xlsx
36,인피니 솔루션 > 경영지원 본부 > 인사총무실 > 사내IT지원팀,강다진,INF97724,시스템장애보고서,문서,txt
37,인피니 솔루션 > 경영지원 본부 > 인사총무실 > 사내IT지원팀,강다진,INF97724,특별소프트웨어라이선스현황표,문서,docx
38,인피니 솔루션 > 경영지원 본부 > 인사총무실 > 사내IT지원팀,강다진,INF97724,확정소프트웨어라이선스현황표,문서,txt
39,인피니 솔루션 > 경영지원 본부 > 인사총무실 > 사내IT지원팀,강다진,INF97724,사후IT자산관리대장,문서,pdf
40,인피니 솔루션 > 경영지원 본부 > 인사총무실 > 사내IT지원팀,강다진,INF97724,종합백업복구절차서,문서,docx
41,인피니 솔루션 > 경영지원 본부 > 인사총무실 > 사내IT지원팀,강다진,INF97724,연간장비대여신청서,문서,xlsx
42,인피니 솔루션 > 경영지원 본부 > 인사총무실 > 사내IT지원팀,강다진,INF97724,사후전산장비수리내역서,문서,docx
43,인피니 솔루션 > 경영지원 본부 > 인사총무실 > 사내IT지원팀,서연이,INF86589,사전백업복구절차서,문서,csv
44,인피니 솔루션 > 경영지원 본부 > 인사총무실 > 사내IT지원팀,서연이,INF86589,기존소프트웨어라이선스현황표,문서,docx
45,인피니 솔루션 > 경영지원 본부 > 인사총무실 > 사내IT지원팀,서연이,INF86589,하반기보안점검표,문서,pdf
46,인피니 솔루션 > 경영지원 본부 > 인사총무실 > 사내IT지원팀,서연이,INF86589,정기소프트웨어라이선스현황표,문서,docx
47,인피니 솔루션 > 경영지원 본부 > 인사총무실 > 사내IT지원팀,서연이,INF86589,사후소프트웨어라이선스현황표,문서,docx
48,인피니 솔루션 > 경영지원 본부 > 인사총무실 > 사내IT지원팀,서연이,INF86589,보완소프트웨어라이선스현황표,문서,docx
49,인피니 솔루션 > 경영지원 본부 > 인사총무실 > 사내IT지원팀,서연이,INF86589,월간백업복구절차서,이미지,jpg
50,인피니 솔루션 > 경영지원 본부 > 인사총무실 > 사내IT지원팀,서연이,INF86589,임시장비대여신청서,이미지,jpg
51,인피니 솔루션 > 경영지원 본부 > 인사총무실 > 사내IT지원팀,서주민,INF20642,긴급전산장비수리내역서,문서,docx
52,인피니 솔루션 > 경영지원 본부 > 인사총무실 > 사내IT지원팀,서주민,INF20642,신규전산장비수리내역서,문서,docx
53,인피니 솔루션 > 경영지원 본부 > 인사총무실 > 사내IT지원팀,서주민,INF20642,백업복구절차서,문서,csv
54,인피니 솔루션 > 경영지원 본부 > 인사총무실 > 사내IT지원팀,서주민,INF20642,종합IT자산관리대장,문서,csv
55,인피니 솔루션 > 경영지원 본부 > 인사총무실 > 사내IT지원팀,서주민,INF20642,하반기소프트웨어라이선스현황표,문서,xlsx
56,인피니 솔루션 > 경영지원 본부 > 인사총무실 > 사내IT지원팀,서철구,INF72779,확정백업복구절차서,문서,txt
57,인피니 솔루션 > 경영지원 본부 > 인사총무실 > 사내IT지원팀,신세무,INF93284,임시시스템장애보고서,문서,pdf
58,인피니 솔루션 > 경영지원 본부 > 인사총무실 > 사내IT지원팀,신세무,INF93284,요약시스템장애보고서,문서,xlsx
59,인피니 솔루션 > 경영지원 본부 > 인사총무실 > 사내IT지원팀,신세무,INF93284,개별소프트웨어라이선스현황표,문서,pdf
60,인피니 솔루션 > 경영지원 본부 > 인사총무실 > 사내IT지원팀,신세무,INF93284,상세소프트웨어라이선스현황표,문서,docx
61,인피니 솔루션 > 경영지원 본부 > 인사총무실 > 사내IT지원팀,신세무,INF93284,네트워크구성도,문서,xlsx
62,인피니 솔루션 > 경영지원 본부 > 인사총무실 > 사내IT지원팀,신세무,INF93284,특별시스템장애보고서,이미지,jpg
63,인피니 솔루션 > 경영지원 본부 > 인사총무실 > 사내IT지원팀,신호율,INF37337,사전IT자산관리대장,문서,xlsx
64,인피니 솔루션 > 경영지원 본부 > 인사총무실 > 사내IT지원팀,신호율,INF37337,반기별보안점검표,문서,xlsx
65,인피니 솔루션 > 경영지원 본부 > 인사총무실 > 사내IT지원팀,신호율,INF37337,임시백업복구절차서,문서,csv
66,인피니 솔루션 > 경영지원 본부 > 인사총무실 > 사내IT지원팀,신호율,INF37337,보완IT자산관리대장,문서,pdf
67,인피니 솔루션 > 경영지원 본부 > 인사총무실 > 사내IT지원팀,오문자,INF18477,요약접근권한신청서,문서,pptx
68,인피니 솔루션 > 경영지원 본부 > 인사총무실 > 사내IT지원팀,오인무,INF87692,사전시스템장애보고서,문서,docx
69,인피니 솔루션 > 경영지원 본부 > 인사총무실 > 사내IT지원팀,윤산조,INF96989,최종보안점검표,문서,pdf
70,인피니 솔루션 > 경영지원 본부 > 인사총무실 > 사내IT지원팀,윤조근,INF52459,임시전산장비수리내역서,문서,docx
71,인피니 솔루션 > 경영지원 본부 > 인사총무실 > 사내IT지원팀,윤조근,INF52459,확정접근권한신청서,문서,xlsx
72,인피니 솔루션 > 경영지원 본부 > 인사총무실 > 총무팀,박바숙,INF71331,보완차량운행일지,문서,xlsx
73,인피니 솔루션 > 경영지원 본부 > 인사총무실 > 총무팀,박바숙,INF71331,최신차량운행일지,문서,csv
74,인피니 솔루션 > 경영지원 본부 > 인사총무실 > 총무팀,신기설,INF30932,연간사내행사계획서,문서,csv
75,인피니 솔루션 > 경영지원 본부 > 인사총무실 > 총무팀,신기설,INF30932,통합사내비품재고표,문서,pdf
76,인피니 솔루션 > 경영지원 본부 > 인사총무실 > 총무팀,신기설,INF30932,최신명함신청서,문서,pdf
77,인피니 솔루션 > 경영지원 본부 > 인사총무실 > 총무팀,신기설,INF30932,초안출입증발급신청서,문서,pdf
78,인피니 솔루션 > 경영지원 본부 > 인사총무실 > 총무팀,신기설,INF30932,통합비품구매신청서,문서,pdf
79,인피니 솔루션 > 경영지원 본부 > 인사총무실 > 총무팀,신노규,INF83076,종합출입증발급신청서,문서,docx
80,인피니 솔루션 > 경영지원 본부 > 인사총무실 > 총무팀,신노규,INF83076,긴급사내비품재고표,문서,pdf
81,인피니 솔루션 > 경영지원 본부 > 인사총무실 > 총무팀,신노규,INF83076,사전우편물수발신대장,문서,pdf
82,인피니 솔루션 > 경영지원 본부 > 인사총무실 > 총무팀,신노규,INF83076,신규출입증발급신청서,문서,xlsx
83,인피니 솔루션 > 경영지원 본부 > 인사총무실 > 총무팀,신노규,INF83076,월간비품구매신청서,문서,txt
84,인피니 솔루션 > 경영지원 본부 > 인사총무실 > 총무팀,신노규,INF83076,상세명함신청서,문서,docx
85,인피니 솔루션 > 경영지원 본부 > 인사총무실 > 총무팀,신천훈,INF92932,개정명함신청서,문서,docx
86,인피니 솔루션 > 경영지원 본부 > 인사총무실 > 총무팀,임문선,INF23273,보완사내비품재고표,문서,pdf
87,인피니 솔루션 > 경영지원 본부 > 인사총무실 > 총무팀,임문선,INF23273,반기별출입증발급신청서,문서,pdf
88,인피니 솔루션 > 경영지원 본부 > 인사총무실 > 총무팀,임문선,INF23273,최신출입증발급신청서,문서,csv
89,인피니 솔루션 > 경영지원 본부 > 인사총무실 > 총무팀,임문선,INF23273,기존사내행사계획서,문서,xlsx
90,인피니 솔루션 > 경영지원 본부 > 인사총무실 > 총무팀,임문선,INF23273,신규사내비품재고표,이미지,png
91,인피니 솔루션 > 경영지원 본부 > 인사총무실 > 총무팀,장세훈,INF77403,최신우편물수발신대장,문서,csv
92,인피니 솔루션 > 경영지원 본부 > 인사총무실 > 총무팀,장세훈,INF77403,요약출입증발급신청서,문서,pdf
93,인피니 솔루션 > 경영지원 본부 > 인사총무실 > 총무팀,전신지,INF95349,사후사내비품재고표,문서,csv
94,인피니 솔루션 > 경영지원 본부 > 인사총무실 > 총무팀,전신지,INF95349,긴급사무실임대계약서,문서,pdf
95,인피니 솔루션 > 경영지원 본부 > 인사총무실 > 총무팀,전신지,INF95349,사후사무실임대계약서,문서,pdf
96,인피니 솔루션 > 경영지원 본부 > 인사총무실 > 총무팀,전신지,INF95349,기존사내비품재고표,문서,csv
97,인피니 솔루션 > 경영지원 본부 > 인사총무실 > 총무팀,전신지,INF95349,기존시설점검보고서,문서,docx
98,인피니 솔루션 > 경영지원 본부 > 인사총무실 > 총무팀,전신지,INF95349,상반기사무실임대계약서,문서,pdf
99,인피니 솔루션 > 경영지원 본부 > 인사총무실 > 총무팀,전신지,INF95349,분기별사내비품재고표,문서,csv
100,인피니 솔루션 > 경영지원 본부 > 인사총무실 > 총무팀,전신지,INF95349,월간우편물수발신대장,문서,csv
101,인피니 솔루션 > 경영지원 본부 > 인사총무실 > 총무팀,전우철,INF98359,개정사내비품재고표,문서,xlsx
102,인피니 솔루션 > 경영지원 본부 > 인사총무실 > 총무팀,전우철,INF98359,비품구매신청서,문서,txt
103,인피니 솔루션 > 경영지원 본부 > 인사총무실 > 총무팀,전우철,INF98359,신규사무실임대계약서,문서,csv
104,인피니 솔루션 > 경영지원 본부 > 인사총무실 > 총무팀,전우철,INF98359,보완출입증발급신청서,문서,pdf
105,인피니 솔루션 > 경영지원 본부 > 인사총무실 > 총무팀,전우철,INF98359,사전시설점검보고서,문서,csv
106,인피니 솔루션 > 경영지원 본부 > 인사총무실 > 총무팀,전우철,INF98359,최종차량운행일지,문서,txt
107,인피니 솔루션 > 경영지원 본부 > 인사총무실 > 총무팀,전우철,INF98359,종합사내비품재고표,이미지,png
108,인피니 솔루션 > 경영지원 본부 > 인사총무실 > 총무팀,한초라,INF63382,정기비품구매신청서,문서,pdf
109,인피니 솔루션 > 경영지원 본부 > 인사총무실 > 총무팀,한초라,INF63382,분기별우편물수발신대장,문서,xlsx
110,인피니 솔루션 > 경영지원 본부 > 인사총무실 > 총무팀,한초라,INF63382,기존출입증발급신청서,문서,xlsx
111,인피니 솔루션 > 경영지원 본부 > 인사총무실 > 총무팀,한초라,INF63382,상세비품구매신청서,문서,pdf
112,인피니 솔루션 > 경영지원 본부 > 인사총무실 > 총무팀,한초라,INF63382,명함신청서,문서,pdf
113,인피니 솔루션 > 경영지원 본부 > 인사총무실 > 총무팀,한초라,INF63382,개별사무실임대계약서,문서,pdf
114,인피니 솔루션 > 경영지원 본부 > 인사총무실 > 총무팀,한초라,INF63382,특별우편물수발신대장,문서,pdf
115,인피니 솔루션 > 경영지원 본부 > 인사총무실 > 총무팀,한초라,INF63382,확정차량운행일지,문서,docx
116,인피니 솔루션 > 경영지원 본부 > 인사총무실 > 총무팀,황호승,INF94799,정기우편물수발신대장,문서,pdf
117,인피니 솔루션 > 경영지원 본부 > 인사총무실 > 총무팀,황호승,INF94799,사후시설점검보고서,문서,pptx
118,인피니 솔루션 > 경영지원 본부 > 인사총무실 > 총무팀,황호승,INF94799,사후사내행사계획서,문서,txt
119,인피니 솔루션 > 경영지원 본부 > 인사총무실 > 총무팀,황호승,INF94799,우편물수발신대장,문서,pptx
120,인피니 솔루션 > 경영지원 본부 > 인사총무실 > 총무팀,황호승,INF94799,개별시설점검보고서,이미지,jpeg
121,인피니 솔루션 > 대표이사 직속 > 감사실 > 감사팀,서학설,INF79851,특별부정행위조사보고서,문서,pptx
122,인피니 솔루션 > 대표이사 직속 > 감사실 > 감사팀,서학설,INF79851,기존시정조치요구서,문서,xlsx
123,인피니 솔루션 > 대표이사 직속 > 감사실 > 감사팀,서학설,INF79851,정기감사보고서,문서,csv
124,인피니 솔루션 > 대표이사 직속 > 감사실 > 감사팀,서학설,INF79851,준법점검표,이미지,gif
125,인피니 솔루션 > 대표이사 직속 > 감사실 > 감사팀,송연구,INF18524,종합위험평가보고서,문서,docx
126,인피니 솔루션 > 대표이사 직속 > 감사실 > 감사팀,송연구,INF18524,보완감사계획서,문서,pdf
127,인피니 솔루션 > 대표이사 직속 > 감사실 > 감사팀,신예종,INF61541,최종부정행위조사보고서,문서,docx
128,인피니 솔루션 > 대표이사 직속 > 감사실 > 감사팀,신예종,INF61541,초안내부통제점검표,문서,pptx
129,인피니 솔루션 > 대표이사 직속 > 감사실 > 감사팀,신예종,INF61541,특별준법점검표,문서,docx
130,인피니 솔루션 > 대표이사 직속 > 감사실 > 감사팀,신예종,INF61541,특별감사결과통보서,문서,txt
131,인피니 솔루션 > 대표이사 직속 > 감사실 > 감사팀,신예종,INF61541,보완감사결과통보서,문서,txt
132,인피니 솔루션 > 대표이사 직속 > 감사실 > 감사팀,안순제,INF64426,반기별감사보고서,문서,pdf
133,인피니 솔루션 > 대표이사 직속 > 감사실 > 감사팀,안순제,INF64426,최신부정행위조사보고서,문서,csv
134,인피니 솔루션 > 대표이사 직속 > 감사실 > 감사팀,안순제,INF64426,확정준법점검표,문서,docx
135,인피니 솔루션 > 대표이사 직속 > 감사실 > 감사팀,안순제,INF64426,기존감사계획서,문서,docx
136,인피니 솔루션 > 대표이사 직속 > 감사실 > 감사팀,안순제,INF64426,특별감사계획서,문서,docx
137,인피니 솔루션 > 대표이사 직속 > 감사실 > 감사팀,안순제,INF64426,연간감사계획서,문서,docx
138,인피니 솔루션 > 대표이사 직속 > 감사실 > 감사팀,조성율,INF67909,상세감사계획서,문서,pdf
139,인피니 솔루션 > 대표이사 직속 > 감사실 > 감사팀,조성율,INF67909,상세감사보고서,문서,docx
140,인피니 솔루션 > 대표이사 직속 > 감사실 > 감사팀,조성율,INF67909,초안감사결과통보서,문서,xlsx
141,인피니 솔루션 > 대표이사 직속 > 전략기획실 > 전략기획팀,강일호,INF17745,임시신규사업제안서,문서,docx
142,인피니 솔루션 > 대표이사 직속 > 전략기획실 > 전략기획팀,강일호,INF17745,종합사업타당성검토서,문서,pdf
143,인피니 솔루션 > 대표이사 직속 > 전략기획실 > 전략기획팀,강일호,INF17745,개정중장기전략보고서,문서,csv
144,인피니 솔루션 > 대표이사 직속 > 전략기획실 > 전략기획팀,강일호,INF17745,개정이사회보고자료,문서,pdf
145,인피니 솔루션 > 대표이사 직속 > 전략기획실 > 전략기획팀,강일호,INF17745,사후사업타당성검토서,문서,docx
146,인피니 솔루션 > 대표이사 직속 > 전략기획실 > 전략기획팀,강일호,INF17745,하반기시장분석보고서,문서,txt
147,인피니 솔루션 > 대표이사 직속 > 전략기획실 > 전략기획팀,강일호,INF17745,개정조직개편안,문서,xlsx
148,인피니 솔루션 > 대표이사 직속 > 전략기획실 > 전략기획팀,강일호,INF17745,확정시장분석보고서,문서,xlsx
149,인피니 솔루션 > 대표이사 직속 > 전략기획실 > 전략기획팀,강일호,INF17745,하반기경쟁사분석보고서,문서,txt
150,인피니 솔루션 > 대표이사 직속 > 전략기획실 > 전략기획팀,강산용,INF31818,최신이사회보고자료,문서,xlsx
151,인피니 솔루션 > 대표이사 직속 > 전략기획실 > 전략기획팀,강산용,INF31818,초안중장기전략보고서,문서,docx
152,인피니 솔루션 > 대표이사 직속 > 전략기획실 > 전략기획팀,강산용,INF31818,연간중장기전략보고서,문서,pdf
153,인피니 솔루션 > 대표이사 직속 > 전략기획실 > 전략기획팀,강산용,INF31818,보완시장분석보고서,문서,docx
154,인피니 솔루션 > 대표이사 직속 > 전략기획실 > 전략기획팀,강산용,INF31818,사전사업타당성검토서,문서,pdf
155,인피니 솔루션 > 대표이사 직속 > 전략기획실 > 전략기획팀,강산용,INF31818,개별경영계획서,문서,xlsx
156,인피니 솔루션 > 대표이사 직속 > 전략기획실 > 전략기획팀,강산용,INF31818,하반기사업타당성검토서,문서,docx
157,인피니 솔루션 > 대표이사 직속 > 전략기획실 > 전략기획팀,강산용,INF31818,분기별경영계획서,문서,pdf
158,인피니 솔루션 > 대표이사 직속 > 전략기획실 > 전략기획팀,강산용,INF31818,사후이사회보고자료,문서,pdf
159,인피니 솔루션 > 대표이사 직속 > 전략기획실 > 전략기획팀,강산용,INF31818,최종시장분석보고서,문서,csv
160,인피니 솔루션 > 대표이사 직속 > 전략기획실 > 전략기획팀,권원태,INF70531,최신경영계획서,이미지,png
161,인피니 솔루션 > 대표이사 직속 > 전략기획실 > 전략기획팀,임관수,INF12278,개정신규사업제안서,문서,pdf
162,인피니 솔루션 > 대표이사 직속 > 전략기획실 > 전략기획팀,임관수,INF12278,보완경영계획서,문서,csv
163,인피니 솔루션 > 대표이사 직속 > 전략기획실 > 전략기획팀,임관수,INF12278,상세조직개편안,문서,docx
164,인피니 솔루션 > 대표이사 직속 > 전략기획실 > 전략기획팀,임관수,INF12278,사후시장분석보고서,문서,pdf
165,인피니 솔루션 > 대표이사 직속 > 전략기획실 > 전략기획팀,임관수,INF12278,사후신규사업제안서,문서,csv
166,인피니 솔루션 > 대표이사 직속 > 전략기획실 > 전략기획팀,임관수,INF12278,월간시장분석보고서,문서,txt
167,인피니 솔루션 > 대표이사 직속 > 전략기획실 > 전략기획팀,임관수,INF12278,기존경영계획서,문서,docx
168,인피니 솔루션 > 대표이사 직속 > 전략기획실 > 전략기획팀,임관수,INF12278,초안시장분석보고서,문서,xlsx
169,인피니 솔루션 > 대표이사 직속 > 전략기획실 > 전략기획팀,임관수,INF12278,신규시장분석보고서,문서,xlsx
170,인피니 솔루션 > 마케팅본부 > 그로스마케팅실 > 디지털마케팅팀,권구신,INF38926,긴급키워드분석표,문서,pdf
171,인피니 솔루션 > 마케팅본부 > 그로스마케팅실 > 디지털마케팅팀,권구신,INF38926,요약SNS운영계획서,문서,xlsx
172,인피니 솔루션 > 마케팅본부 > 그로스마케팅실 > 디지털마케팅팀,권구신,INF38926,반기별매체집행보고서,문서,pdf
173,인피니 솔루션 > 마케팅본부 > 그로스마케팅실 > 디지털마케팅팀,권구신,INF38926,보완콘텐츠기획안,문서,csv
174,인피니 솔루션 > 마케팅본부 > 그로스마케팅실 > 디지털마케팅팀,권구신,INF38926,종합채널운영보고서,문서,docx
175,인피니 솔루션 > 마케팅본부 > 그로스마케팅실 > 디지털마케팅팀,권구신,INF38926,연간매체집행보고서,문서,pdf
176,인피니 솔루션 > 마케팅본부 > 그로스마케팅실 > 디지털마케팅팀,권구신,INF38926,하반기매체집행보고서,문서,xlsx
177,인피니 솔루션 > 마케팅본부 > 그로스마케팅실 > 디지털마케팅팀,권구신,INF38926,정기광고소재검수서,문서,xlsx
178,인피니 솔루션 > 마케팅본부 > 그로스마케팅실 > 디지털마케팅팀,권구신,INF38926,기존채널운영보고서,이미지,png
179,인피니 솔루션 > 마케팅본부 > 그로스마케팅실 > 디지털마케팅팀,박예오,INF23837,분기별광고집행계획서,문서,xlsx
180,인피니 솔루션 > 마케팅본부 > 그로스마케팅실 > 디지털마케팅팀,박예오,INF23837,분기별키워드분석표,문서,xlsx
181,인피니 솔루션 > 마케팅본부 > 그로스마케팅실 > 디지털마케팅팀,윤우아,INF14674,월간캠페인성과보고서,문서,docx
182,인피니 솔루션 > 마케팅본부 > 그로스마케팅실 > 디지털마케팅팀,윤우아,INF14674,기존콘텐츠기획안,문서,csv
183,인피니 솔루션 > 마케팅본부 > 그로스마케팅실 > 디지털마케팅팀,윤우아,INF14674,연간광고집행계획서,문서,pdf
184,인피니 솔루션 > 마케팅본부 > 그로스마케팅실 > 디지털마케팅팀,윤우아,INF14674,특별광고집행계획서,문서,txt
185,인피니 솔루션 > 마케팅본부 > 그로스마케팅실 > 디지털마케팅팀,윤우아,INF14674,월간채널운영보고서,문서,pdf
186,인피니 솔루션 > 마케팅본부 > 그로스마케팅실 > 디지털마케팅팀,윤우아,INF14674,사후캠페인성과보고서,문서,xlsx
187,인피니 솔루션 > 마케팅본부 > 그로스마케팅실 > 디지털마케팅팀,윤우아,INF14674,통합광고집행계획서,문서,txt
188,인피니 솔루션 > 마케팅본부 > 그로스마케팅실 > 디지털마케팅팀,윤우아,INF14674,반기별콘텐츠기획안,이미지,bmp
189,인피니 솔루션 > 마케팅본부 > 그로스마케팅실 > 디지털마케팅팀,조다희,INF74296,상반기SNS운영계획서,문서,pptx
190,인피니 솔루션 > 마케팅본부 > 그로스마케팅실 > 디지털마케팅팀,조다희,INF74296,사후광고집행계획서,문서,docx
191,인피니 솔루션 > 마케팅본부 > 그로스마케팅실 > 디지털마케팅팀,조다희,INF74296,최종키워드분석표,문서,csv
192,인피니 솔루션 > 마케팅본부 > 그로스마케팅실 > 디지털마케팅팀,조다희,INF74296,정기매체집행보고서,이미지,jpeg
193,인피니 솔루션 > 마케팅본부 > 그로스마케팅실 > 디지털마케팅팀,한고구,INF42831,사전채널운영보고서,문서,pdf
194,인피니 솔루션 > 마케팅본부 > 그로스마케팅실 > 디지털마케팅팀,한고구,INF42831,확정광고집행계획서,문서,pdf
195,인피니 솔루션 > 마케팅본부 > 그로스마케팅실 > 디지털마케팅팀,한고구,INF42831,최종광고집행계획서,문서,csv
196,인피니 솔루션 > 마케팅본부 > 그로스마케팅실 > CRM마케팅팀,박무인,INF28584,긴급리텐션전략보고서,문서,xlsx
197,인피니 솔루션 > 마케팅본부 > 그로스마케팅실 > CRM마케팅팀,박무인,INF28584,임시고객만족도조사보고서,문서,docx
198,인피니 솔루션 > 마케팅본부 > 그로스마케팅실 > CRM마케팅팀,박무인,INF28584,사전프로모션기획안,문서,pdf
199,인피니 솔루션 > 마케팅본부 > 그로스마케팅실 > CRM마케팅팀,박자안,INF83055,상세고객세그먼트분석표,문서,xlsx
200,인피니 솔루션 > 마케팅본부 > 그로스마케팅실 > CRM마케팅팀,박자안,INF83055,개정고객세그먼트분석표,문서,docx
201,인피니 솔루션 > 마케팅본부 > 그로스마케팅실 > CRM마케팅팀,신종제,INF28507,멤버십운영보고서,문서,pdf
202,인피니 솔루션 > 마케팅본부 > 그로스마케팅실 > CRM마케팅팀,신종제,INF28507,신규멤버십운영보고서,문서,docx
203,인피니 솔루션 > 마케팅본부 > 그로스마케팅실 > CRM마케팅팀,황광명,INF24238,사전고객만족도조사보고서,문서,xlsx
204,인피니 솔루션 > 마케팅본부 > 그로스마케팅실 > CRM마케팅팀,황광명,INF24238,최종고객만족도조사보고서,문서,xlsx
205,인피니 솔루션 > 마케팅본부 > 그로스마케팅실 > CRM마케팅팀,황광명,INF24238,반기별이메일발송계획서,문서,xlsx
206,인피니 솔루션 > 마케팅본부 > 그로스마케팅실 > CRM마케팅팀,황광명,INF24238,연간고객이탈방지방안서,문서,csv
207,인피니 솔루션 > 마케팅본부 > 그로스마케팅실 > CRM마케팅팀,황광명,INF24238,기존리텐션전략보고서,문서,pdf
208,인피니 솔루션 > 마케팅본부 > 그로스마케팅실 > CRM마케팅팀,황광명,INF24238,개별고객세그먼트분석표,문서,docx
209,인피니 솔루션 > 마케팅본부 > 그로스마케팅실 > CRM마케팅팀,황광명,INF24238,개정고객이탈방지방안서,문서,docx
210,인피니 솔루션 > 마케팅본부 > 그로스마케팅실 > CRM마케팅팀,황광명,INF24238,상반기리텐션전략보고서,문서,csv
211,인피니 솔루션 > 마케팅본부 > 그로스마케팅실 > CRM마케팅팀,황광명,INF24238,통합고객만족도조사보고서,문서,xlsx
212,인피니 솔루션 > 사업본부 > 국내사업실 > 공공사업팀,김복관,INF21003,분기별사업수행실적증명서,문서,pdf
213,인피니 솔루션 > 사업본부 > 국내사업실 > 공공사업팀,김복관,INF21003,사후조달청등록서류,문서,xlsx
214,인피니 솔루션 > 사업본부 > 국내사업실 > 공공사업팀,김복관,INF21003,사전사업수행실적증명서,이미지,png
215,인피니 솔루션 > 사업본부 > 국내사업실 > 공공사업팀,박해흥,INF73605,기존용역계약서,문서,pdf
216,인피니 솔루션 > 사업본부 > 국내사업실 > 공공사업팀,송기시,INF64552,사후용역계약서,문서,pdf
217,인피니 솔루션 > 사업본부 > 국내사업실 > 공공사업팀,이옥소,INF88539,정기조달청등록서류,문서,csv
218,인피니 솔루션 > 사업본부 > 국내사업실 > 공공사업팀,이옥소,INF88539,사전견적서,문서,csv
219,인피니 솔루션 > 사업본부 > 국내사업실 > 공공사업팀,이옥소,INF88539,사후견적서,문서,pdf
220,인피니 솔루션 > 사업본부 > 국내사업실 > 공공사업팀,이옥소,INF88539,최신공공기관계약서,문서,xlsx
221,인피니 솔루션 > 사업본부 > 국내사업실 > 공공사업팀,임근서,INF74101,반기별견적서,문서,docx
222,인피니 솔루션 > 사업본부 > 국내사업실 > 공공사업팀,장동환,INF91791,확정견적서,문서,docx
223,인피니 솔루션 > 사업본부 > 국내사업실 > 공공사업팀,장동환,INF91791,통합입찰제안서,문서,docx
224,인피니 솔루션 > 사업본부 > 국내사업실 > 공공사업팀,장동환,INF91791,월간조달청등록서류,문서,pdf
225,인피니 솔루션 > 사업본부 > 국내사업실 > 공공사업팀,최보안,INF82254,월간견적서,문서,xlsx
226,인피니 솔루션 > 사업본부 > 국내사업실 > 공공사업팀,최보안,INF82254,연간사업수행계획서,문서,docx
227,인피니 솔루션 > 사업본부 > 국내사업실 > 공공사업팀,최보안,INF82254,납품확인서,문서,pptx
228,인피니 솔루션 > 사업본부 > 국내사업실 > 공공사업팀,최보안,INF82254,개별조달청등록서류,문서,docx
229,인피니 솔루션 > 사업본부 > 국내사업실 > 공공사업팀,최보안,INF82254,사업수행계획서,문서,pdf
230,인피니 솔루션 > 사업본부 > 국내사업실 > 공공사업팀,최보안,INF82254,사전납품확인서,문서,pptx
231,인피니 솔루션 > 사업본부 > 국내사업실 > 공공사업팀,최보안,INF82254,보완견적서,문서,docx
232,인피니 솔루션 > 사업본부 > 국내사업실 > 공공사업팀,최보안,INF82254,최종사업수행계획서,문서,docx
233,인피니 솔루션 > 사업본부 > 국내사업실 > 공공사업팀,최보안,INF82254,월간사업수행실적증명서,문서,pdf
234,인피니 솔루션 > 사업본부 > 국내사업실 > 공공사업팀,최보안,INF82254,상반기입찰제안서,이미지,gif
235,인피니 솔루션 > 사업본부 > 국내사업실 > 공공사업팀,한오유,INF48132,임시용역계약서,문서,docx
236,인피니 솔루션 > 사업본부 > 국내사업실 > 공공사업팀,한오유,INF48132,긴급견적서,문서,pptx
237,인피니 솔루션 > 사업본부 > 국내사업실 > 공공사업팀,한오유,INF48132,연간입찰제안서,문서,csv
238,인피니 솔루션 > 사업본부 > 국내사업실 > 공공사업팀,홍동종,INF84482,긴급사업수행계획서,문서,docx
239,인피니 솔루션 > 사업본부 > 국내사업실 > 공공사업팀,홍동종,INF84482,입찰제안서,문서,csv
240,인피니 솔루션 > 사업본부 > 국내사업실 > 공공사업팀,홍동종,INF84482,통합공공기관계약서,문서,xlsx
241,인피니 솔루션 > 사업본부 > 국내사업실 > 공공사업팀,홍동종,INF84482,보완사업수행계획서,문서,pdf
242,인피니 솔루션 > 사업본부 > 국내사업실 > 공공사업팀,홍동종,INF84482,긴급용역계약서,문서,docx
243,인피니 솔루션 > 사업본부 > 국내사업실 > 공공사업팀,홍동종,INF84482,기존사업수행실적증명서,이미지,bmp
244,인피니 솔루션 > 사업본부 > 사업지원실 > 기술영업팀,권기채,INF91400,통합사업실적보고서,문서,docx
245,인피니 솔루션 > 사업본부 > 사업지원실 > 기술영업팀,권기채,INF91400,사후협력업체등록서,문서,docx
246,인피니 솔루션 > 사업본부 > 사업지원실 > 기술영업팀,권기채,INF91400,신규사업실적보고서,문서,pdf
247,인피니 솔루션 > 사업본부 > 사업지원실 > 기술영업팀,신평율,INF11646,초안계약검토의견서,문서,csv
248,인피니 솔루션 > 사업본부 > 사업지원실 > 기술영업팀,신평율,INF11646,상세계약검토의견서,문서,pdf
249,인피니 솔루션 > 사업본부 > 사업지원실 > 기술영업팀,신평율,INF11646,개정사업실적보고서,문서,pdf
250,인피니 솔루션 > 사업본부 > 사업지원실 > 기술영업팀,신평율,INF11646,최종매출채권관리대장,문서,csv
251,인피니 솔루션 > 사업본부 > 사업지원실 > 기술영업팀,신평율,INF11646,연간매출채권관리대장,문서,txt
252,인피니 솔루션 > 사업본부 > 사업지원실 > 기술영업팀,신평율,INF11646,최신협력업체등록서,문서,xlsx
253,인피니 솔루션 > 사업본부 > 사업지원실 > 기술영업팀,신평율,INF11646,하반기매출채권관리대장,문서,xlsx
254,인피니 솔루션 > 사업본부 > 사업지원실 > 기술영업팀,신평율,INF11646,분기별사업실적보고서,문서,docx
255,인피니 솔루션 > 사업본부 > 사업지원실 > 기술영업팀,신평율,INF11646,긴급사업실적보고서,문서,docx
256,인피니 솔루션 > 사업본부 > 사업지원실 > 기술영업팀,안이의,INF57705,기존사업실적보고서,문서,txt
257,인피니 솔루션 > 사업본부 > 사업지원실 > 기술영업팀,임윤진,INF60463,정기거래처관리대장,문서,pdf
258,인피니 솔루션 > 사업본부 > 사업지원실 > 기술영업팀,임윤진,INF60463,상세사업지원현황보고서,문서,xlsx
259,인피니 솔루션 > 사업본부 > 사업지원실 > 기술영업팀,임윤진,INF60463,최종거래처관리대장,문서,txt
260,인피니 솔루션 > 사업본부 > 사업지원실 > 기술영업팀,임윤진,INF60463,요약협력업체등록서,문서,pdf
261,인피니 솔루션 > 사업본부 > 사업지원실 > 기술영업팀,임윤진,INF60463,개정협력업체등록서,문서,csv
262,인피니 솔루션 > 사업본부 > 사업지원실 > 기술영업팀,임윤진,INF60463,반기별계약검토의견서,문서,xlsx
263,인피니 솔루션 > 사업본부 > 사업지원실 > 기술영업팀,임윤진,INF60463,최종사업실적보고서,문서,txt
264,인피니 솔루션 > 사업본부 > 사업지원실 > 기술영업팀,임윤진,INF60463,통합계약검토의견서,이미지,gif
265,인피니 솔루션 > 사업본부 > 사업지원실 > 기술영업팀,임홍무,INF96110,연간사업지원현황보고서,문서,pdf
266,인피니 솔루션 > 사업본부 > 사업지원실 > 기술영업팀,임홍무,INF96110,종합사업실적보고서,문서,csv
267,인피니 솔루션 > 사업본부 > 사업지원실 > 기술영업팀,임홍무,INF96110,월간협력업체등록서,문서,csv
268,인피니 솔루션 > 사업본부 > 사업지원실 > 기술영업팀,임홍무,INF96110,최신매출채권관리대장,문서,pdf
269,인피니 솔루션 > 사업본부 > 사업지원실 > 기술영업팀,임홍무,INF96110,확정계약검토의견서,문서,pdf
270,인피니 솔루션 > 연구개발본부 > 선행기술연구소 > 데이터엔지니어링팀,권고설,INF93226,특별데이터모델링문서,문서,xlsx
271,인피니 솔루션 > 연구개발본부 > 선행기술연구소 > 데이터엔지니어링팀,권고설,INF93226,반기별데이터베이스스키마설계서,문서,pdf
272,인피니 솔루션 > 연구개발본부 > 선행기술연구소 > 데이터엔지니어링팀,권고설,INF93226,데이터파이프라인설계서,문서,docx
273,인피니 솔루션 > 연구개발본부 > 선행기술연구소 > 데이터엔지니어링팀,권고설,INF93226,사후데이터파이프라인설계서,문서,txt
274,인피니 솔루션 > 연구개발본부 > 선행기술연구소 > 데이터엔지니어링팀,권고설,INF93226,상반기배치작업이력서,문서,docx
275,인피니 솔루션 > 연구개발본부 > 선행기술연구소 > 데이터엔지니어링팀,권숙옥,INF41577,긴급데이터품질점검보고서,문서,pdf
276,인피니 솔루션 > 연구개발본부 > 선행기술연구소 > 데이터엔지니어링팀,신건자,INF11325,보완데이터베이스스키마설계서,문서,xlsx
277,인피니 솔루션 > 연구개발본부 > 선행기술연구소 > 데이터엔지니어링팀,신건자,INF11325,최신데이터베이스스키마설계서,문서,xlsx
278,인피니 솔루션 > 연구개발본부 > 선행기술연구소 > 데이터엔지니어링팀,신건자,INF11325,정기데이터베이스스키마설계서,문서,csv
279,인피니 솔루션 > 연구개발본부 > 선행기술연구소 > 데이터엔지니어링팀,신건자,INF11325,기존배치작업이력서,문서,pdf
280,인피니 솔루션 > 연구개발본부 > 선행기술연구소 > 데이터엔지니어링팀,안호부,INF86761,신규배치작업이력서,문서,docx
281,인피니 솔루션 > 연구개발본부 > 선행기술연구소 > 데이터엔지니어링팀,조훈효,INF52149,상반기데이터베이스스키마설계서,문서,xlsx
282,인피니 솔루션 > 연구개발본부 > 선행기술연구소 > 데이터엔지니어링팀,조훈효,INF52149,확정ETL작업명세서,문서,txt
283,인피니 솔루션 > 연구개발본부 > 선행기술연구소 > 데이터엔지니어링팀,조훈효,INF52149,데이터적재결과보고서,문서,docx
284,인피니 솔루션 > 연구개발본부 > 선행기술연구소 > 데이터엔지니어링팀,조훈효,INF52149,개별데이터적재결과보고서,문서,csv
285,인피니 솔루션 > 연구개발본부 > 선행기술연구소 > 데이터엔지니어링팀,조훈효,INF52149,월간데이터적재결과보고서,문서,docx
286,인피니 솔루션 > 연구개발본부 > 선행기술연구소 > 데이터엔지니어링팀,최부조,INF87017,사전데이터모델링문서,문서,pdf
287,인피니 솔루션 > 연구개발본부 > 선행기술연구소 > 데이터엔지니어링팀,최부조,INF87017,정기ETL작업명세서,문서,csv
288,인피니 솔루션 > 연구개발본부 > 선행기술연구소 > 데이터엔지니어링팀,최부조,INF87017,상세데이터모델링문서,이미지,jpg
289,인피니 솔루션 > 연구개발본부 > 소프트웨어개발실 > 백엔드개발팀,장의유,INF61593,API명세서,문서,docx
290,인피니 솔루션 > 연구개발본부 > 소프트웨어개발실 > 백엔드개발팀,장의유,INF61593,임시장애대응보고서,문서,xlsx
291,인피니 솔루션 > 연구개발본부 > 소프트웨어개발실 > 백엔드개발팀,장의유,INF61593,통합배포이력서,문서,pdf
292,인피니 솔루션 > 연구개발본부 > 소프트웨어개발실 > 백엔드개발팀,장의유,INF61593,신규배포이력서,문서,pdf
293,인피니 솔루션 > 연구개발본부 > 소프트웨어개발실 > 백엔드개발팀,장의유,INF61593,상반기배포이력서,문서,pptx
294,인피니 솔루션 > 연구개발본부 > 소프트웨어개발실 > 백엔드개발팀,장의유,INF61593,사후형상관리이력서,문서,pdf
295,인피니 솔루션 > 연구개발본부 > 소프트웨어개발실 > 백엔드개발팀,장의유,INF61593,통합성능테스트결과서,문서,csv
296,인피니 솔루션 > 연구개발본부 > 소프트웨어개발실 > 백엔드개발팀,장의유,INF61593,최종성능테스트결과서,문서,pdf
297,인피니 솔루션 > 연구개발본부 > 소프트웨어개발실 > 백엔드개발팀,장의유,INF61593,정기소스코드리뷰보고서,문서,pdf
298,인피니 솔루션 > 연구개발본부 > 소프트웨어개발실 > 백엔드개발팀,장의유,INF61593,보완API명세서,문서,csv
299,인피니 솔루션 > 연구개발본부 > 소프트웨어개발실 > 백엔드개발팀,최민장,INF43312,보완성능테스트결과서,문서,pdf
300,인피니 솔루션 > 연구개발본부 > 소프트웨어개발실 > 백엔드개발팀,최민장,INF43312,신규성능테스트결과서,문서,pdf
301,인피니 솔루션 > 연구개발본부 > 소프트웨어개발실 > 백엔드개발팀,최민장,INF43312,초안형상관리이력서,문서,pdf
302,인피니 솔루션 > 연구개발본부 > 소프트웨어개발실 > 백엔드개발팀,최민장,INF43312,통합서버아키텍처설계서,문서,pptx
303,인피니 솔루션 > 연구개발본부 > 소프트웨어개발실 > 백엔드개발팀,최민장,INF43312,성능테스트결과서,문서,xlsx
304,인피니 솔루션 > 연구개발본부 > 소프트웨어개발실 > 백엔드개발팀,최민장,INF43312,사전서버아키텍처설계서,문서,pdf
305,인피니 솔루션 > 연구개발본부 > 소프트웨어개발실 > 백엔드개발팀,최민장,INF43312,연간서버아키텍처설계서,문서,xlsx
306,인피니 솔루션 > 연구개발본부 > 소프트웨어개발실 > 백엔드개발팀,최아해,INF71917,반기별서버아키텍처설계서,문서,pdf
307,인피니 솔루션 > 연구개발본부 > 소프트웨어개발실 > 백엔드개발팀,최아해,INF71917,사후배포이력서,문서,pdf
308,인피니 솔루션 > 연구개발본부 > 소프트웨어개발실 > 백엔드개발팀,최아해,INF71917,개별성능테스트결과서,문서,docx
309,인피니 솔루션 > 연구개발본부 > 소프트웨어개발실 > 백엔드개발팀,최아해,INF71917,보완서버아키텍처설계서,문서,csv
310,인피니 솔루션 > 연구개발본부 > 소프트웨어개발실 > 백엔드개발팀,최아해,INF71917,정기API명세서,문서,txt
311,인피니 솔루션 > 연구개발본부 > 소프트웨어개발실 > 백엔드개발팀,최아해,INF71917,특별형상관리이력서,문서,docx
312,인피니 솔루션 > 연구개발본부 > 소프트웨어개발실 > 백엔드개발팀,최오서,INF37481,상세소스코드리뷰보고서,문서,docx
313,인피니 솔루션 > 연구개발본부 > 소프트웨어개발실 > 백엔드개발팀,최오서,INF37481,최종형상관리이력서,문서,docx
314,인피니 솔루션 > 연구개발본부 > 소프트웨어개발실 > 백엔드개발팀,최오서,INF37481,최종API명세서,문서,pdf
315,인피니 솔루션 > 연구개발본부 > 소프트웨어개발실 > 백엔드개발팀,최오서,INF37481,사전성능테스트결과서,문서,pdf
316,인피니 솔루션 > 연구개발본부 > 소프트웨어개발실 > 백엔드개발팀,최오서,INF37481,통합장애대응보고서,문서,csv
317,인피니 솔루션 > 연구개발본부 > 소프트웨어개발실 > 백엔드개발팀,최오서,INF37481,긴급배포이력서,문서,txt
318,인피니 솔루션 > 연구개발본부 > 소프트웨어개발실 > 백엔드개발팀,최오서,INF37481,분기별성능테스트결과서,문서,csv
319,인피니 솔루션 > 연구개발본부 > 소프트웨어개발실 > 백엔드개발팀,최오서,INF37481,월간소스코드리뷰보고서,문서,xlsx
320,인피니 솔루션 > 연구개발본부 > 소프트웨어개발실 > 백엔드개발팀,최오서,INF37481,종합장애대응보고서,문서,csv
321,인피니 솔루션 > 연구개발본부 > 소프트웨어개발실 > 백엔드개발팀,최오서,INF37481,상세서버아키텍처설계서,이미지,bmp
322,인피니 솔루션 > 연구개발본부 > 소프트웨어개발실 > 백엔드개발팀,황보상,INF38514,반기별API명세서,문서,pdf
323,인피니 솔루션 > 연구개발본부 > 소프트웨어개발실 > 백엔드개발팀,황보상,INF38514,사전API명세서,문서,csv
324,인피니 솔루션 > 연구개발본부 > 소프트웨어개발실 > 백엔드개발팀,황보상,INF38514,종합배포이력서,이미지,jpg
325,인피니 솔루션 > 연구개발본부 > 하드웨어개발실 > 하드웨어설계팀,권문제,INF11873,초안회로설계도면,문서,csv
326,인피니 솔루션 > 연구개발본부 > 하드웨어개발실 > 하드웨어설계팀,권문제,INF11873,상세PCB설계검토서,문서,pdf
327,인피니 솔루션 > 연구개발본부 > 하드웨어개발실 > 하드웨어설계팀,권문제,INF11873,반기별회로설계도면,문서,csv
328,인피니 솔루션 > 연구개발본부 > 하드웨어개발실 > 하드웨어설계팀,권문제,INF11873,사후신뢰성시험결과서,문서,pptx
329,인피니 솔루션 > 연구개발본부 > 하드웨어개발실 > 하드웨어설계팀,권문제,INF11873,개별하드웨어검수서,문서,xlsx
330,인피니 솔루션 > 연구개발본부 > 하드웨어개발실 > 하드웨어설계팀,권문제,INF11873,연간하드웨어검수서,이미지,png
331,인피니 솔루션 > 연구개발본부 > 하드웨어개발실 > 하드웨어설계팀,신동유,INF35943,신규하드웨어검수서,문서,pdf
332,인피니 솔루션 > 연구개발본부 > 하드웨어개발실 > 하드웨어설계팀,신동유,INF35943,개정시제품테스트보고서,이미지,gif
333,인피니 솔루션 > 연구개발본부 > 하드웨어개발실 > 하드웨어설계팀,오진승,INF61911,보완하드웨어검수서,문서,docx
334,인피니 솔루션 > 연구개발본부 > 하드웨어개발실 > 하드웨어설계팀,오진승,INF61911,월간회로설계도면,문서,pdf
335,인피니 솔루션 > 연구개발본부 > 하드웨어개발실 > 하드웨어설계팀,오진승,INF61911,최종하드웨어검수서,문서,pdf
336,인피니 솔루션 > 연구개발본부 > 하드웨어개발실 > 하드웨어설계팀,오진승,INF61911,하반기신뢰성시험결과서,문서,pdf
337,인피니 솔루션 > 연구개발본부 > 하드웨어개발실 > 하드웨어설계팀,오진승,INF61911,부품사양서,문서,pdf
338,인피니 솔루션 > 연구개발본부 > 하드웨어개발실 > 하드웨어설계팀,오진승,INF61911,확정시제품테스트보고서,문서,xlsx
339,인피니 솔루션 > 연구개발본부 > 하드웨어개발실 > 하드웨어설계팀,오진승,INF61911,최신PCB설계검토서,문서,csv
340,인피니 솔루션 > 연구개발본부 > 하드웨어개발실 > 하드웨어설계팀,오진승,INF61911,임시회로설계도면,문서,pdf
341,인피니 솔루션 > 연구개발본부 > 하드웨어개발실 > 하드웨어설계팀,오채섭,INF19135,반기별시제품테스트보고서,문서,pptx
342,인피니 솔루션 > 연구개발본부 > 하드웨어개발실 > 하드웨어설계팀,윤원한,INF78007,반기별부품사양서,문서,csv
343,인피니 솔루션 > 연구개발본부 > 하드웨어개발실 > 하드웨어설계팀,이성채,INF71032,정기신뢰성시험결과서,문서,txt
344,인피니 솔루션 > 연구개발본부 > 하드웨어개발실 > 하드웨어설계팀,이성채,INF71032,긴급신뢰성시험결과서,문서,txt
345,인피니 솔루션 > 연구개발본부 > 하드웨어개발실 > 하드웨어설계팀,이성채,INF71032,분기별시제품테스트보고서,문서,pdf
346,인피니 솔루션 > 연구개발본부 > 하드웨어개발실 > 하드웨어설계팀,이성채,INF71032,개정회로설계도면,문서,pdf
347,인피니 솔루션 > 연구개발본부 > 하드웨어개발실 > 하드웨어설계팀,이성채,INF71032,신규회로설계도면,문서,txt
348,인피니 솔루션 > 연구개발본부 > 하드웨어개발실 > 하드웨어설계팀,이성채,INF71032,개정신뢰성시험결과서,문서,txt
349,인피니 솔루션 > 연구개발본부 > 하드웨어개발실 > 하드웨어설계팀,이성채,INF71032,확정회로설계도면,문서,pdf
350,인피니 솔루션 > 연구개발본부 > 하드웨어개발실 > 하드웨어설계팀,이제성,INF59544,특별신뢰성시험결과서,이미지,jpeg
351,인피니 솔루션 > 연구개발본부 > 하드웨어개발실 > 하드웨어설계팀,이제성,INF59544,하반기PCB설계검토서,이미지,jpeg
352,인피니 솔루션 > 연구개발본부 > 하드웨어개발실 > 하드웨어설계팀,조소정,INF90583,분기별하드웨어검수서,문서,xlsx
353,인피니 솔루션 > 연구개발본부 > 하드웨어개발실 > 하드웨어설계팀,조소정,INF90583,종합부품사양서,문서,docx
354,인피니 솔루션 > 연구개발본부 > 하드웨어개발실 > 하드웨어설계팀,조소정,INF90583,월간시제품테스트보고서,문서,pdf
355,인피니 솔루션 > 연구개발본부 > 하드웨어개발실 > 하드웨어설계팀,조소정,INF90583,요약하드웨어검수서,문서,txt
356,인피니 솔루션 > 연구개발본부 > 하드웨어개발실 > 하드웨어설계팀,조소정,INF90583,통합시제품테스트보고서,문서,xlsx
357,인피니 솔루션 > 연구개발본부 > 하드웨어개발실 > 하드웨어설계팀,조소정,INF90583,최신신뢰성시험결과서,문서,xlsx
358,인피니 솔루션 > 연구개발본부 > 하드웨어개발실 > 하드웨어설계팀,조소정,INF90583,임시부품승인원,이미지,png
359,인피니 솔루션 > 연구개발본부 > 하드웨어개발실 > 하드웨어설계팀,조소정,INF90583,신규시제품테스트보고서,이미지,bmp
360,인피니 솔루션 > 연구개발본부 > 하드웨어개발실 > 하드웨어설계팀,조소정,INF90583,확정PCB설계검토서,이미지,bmp
361,인피니 솔루션 > 연구개발본부 > 품질보안실 > 품질검증팀,박남근,INF57441,확정결함관리대장,문서,pdf
362,인피니 솔루션 > 연구개발본부 > 품질보안실 > 품질검증팀,박남근,INF57441,연간결함관리대장,이미지,jpg
363,인피니 솔루션 > 연구개발본부 > 품질보안실 > 품질검증팀,박남근,INF57441,사전회귀테스트결과서,이미지,jpg
364,인피니 솔루션 > 연구개발본부 > 품질보안실 > 품질검증팀,박남우,INF19337,최신품질점검표,문서,pdf
365,인피니 솔루션 > 연구개발본부 > 품질보안실 > 품질검증팀,오관학,INF18773,월간품질점검표,문서,xlsx
366,인피니 솔루션 > 연구개발본부 > 품질보안실 > 품질검증팀,오관학,INF18773,반기별회귀테스트결과서,문서,docx
367,인피니 솔루션 > 연구개발본부 > 품질보안실 > 품질검증팀,오관학,INF18773,임시릴리즈노트,문서,pdf
368,인피니 솔루션 > 연구개발본부 > 품질보안실 > 품질검증팀,오관학,INF18773,연간버그리포트,문서,pdf
369,인피니 솔루션 > 연구개발본부 > 품질보안실 > 품질검증팀,오관학,INF18773,종합QA테스트케이스,문서,pdf
370,인피니 솔루션 > 연구개발본부 > 품질보안실 > 품질검증팀,오관학,INF18773,긴급결함관리대장,문서,csv
371,인피니 솔루션 > 연구개발본부 > 품질보안실 > 품질검증팀,오관학,INF18773,임시품질점검표,문서,docx
372,인피니 솔루션 > 연구개발본부 > 품질보안실 > 품질검증팀,오관학,INF18773,사후품질점검표,문서,pdf
373,인피니 솔루션 > 연구개발본부 > 품질보안실 > 품질검증팀,오관학,INF18773,최신회귀테스트결과서,문서,pptx
374,인피니 솔루션 > 연구개발본부 > 품질보안실 > 품질검증팀,오관학,INF18773,보완버그리포트,이미지,gif
375,인피니 솔루션 > 연구개발본부 > 품질보안실 > 품질검증팀,윤바은,INF43557,상반기품질점검표,문서,xlsx
376,인피니 솔루션 > 연구개발본부 > 품질보안실 > 품질검증팀,윤바은,INF43557,분기별결함관리대장,문서,pdf
377,인피니 솔루션 > 연구개발본부 > 품질보안실 > 품질검증팀,장정종,INF43379,신규결함관리대장,문서,pdf
378,인피니 솔루션 > 연구개발본부 > 품질보안실 > 품질검증팀,장정종,INF43379,긴급릴리즈노트,문서,txt
379,인피니 솔루션 > 연구개발본부 > 품질보안실 > 품질검증팀,장정종,INF43379,보완회귀테스트결과서,문서,pdf
380,인피니 솔루션 > 연구개발본부 > 품질보안실 > 품질검증팀,장정종,INF43379,통합버그리포트,문서,csv
381,인피니 솔루션 > 연구개발본부 > 품질보안실 > 품질검증팀,장정종,INF43379,사전품질점검표,문서,pptx
382,인피니 솔루션 > 연구개발본부 > 품질보안실 > 품질검증팀,장정종,INF43379,개별릴리즈노트,문서,xlsx
383,인피니 솔루션 > 연구개발본부 > 품질보안실 > 품질검증팀,장정종,INF43379,사전결함관리대장,문서,docx
384,인피니 솔루션 > 연구개발본부 > 품질보안실 > 품질검증팀,장정종,INF43379,확정QA테스트케이스,문서,txt
385,인피니 솔루션 > 연구개발본부 > 품질보안실 > 품질검증팀,장정종,INF43379,분기별검수결과보고서,문서,pptx
386,인피니 솔루션 > 연구개발본부 > 품질보안실 > 품질검증팀,장정종,INF43379,초안검수결과보고서,문서,pdf
387,인피니 솔루션 > 연구개발본부 > 품질보안실 > 품질검증팀,전다희,INF26099,하반기버그리포트,문서,pdf
388,인피니 솔루션 > 프로덕트본부 > 디자인운영실 > 데이터분석팀,김도유,INF29869,기존데이터시각화보고서,문서,xlsx
389,인피니 솔루션 > 프로덕트본부 > 디자인운영실 > 데이터분석팀,김도유,INF29869,개정A/B테스트결과보고서,문서,pdf
390,인피니 솔루션 > 프로덕트본부 > 디자인운영실 > 데이터분석팀,김도유,INF29869,개정사용자행동분석보고서,문서,pdf
391,인피니 솔루션 > 프로덕트본부 > 디자인운영실 > 데이터분석팀,김도유,INF29869,특별지표정의서,문서,xlsx
392,인피니 솔루션 > 프로덕트본부 > 디자인운영실 > 데이터분석팀,박근윤,INF59055,분기별지표정의서,문서,pdf
393,인피니 솔루션 > 프로덕트본부 > 디자인운영실 > 데이터분석팀,박근윤,INF59055,기존지표대시보드설계서,문서,docx
394,인피니 솔루션 > 프로덕트본부 > 디자인운영실 > 데이터분석팀,박근윤,INF59055,상반기A/B테스트결과보고서,문서,xlsx
395,인피니 솔루션 > 프로덕트본부 > 디자인운영실 > 데이터분석팀,송명흥,INF84001,통합분석요청서,문서,pdf
396,인피니 솔루션 > 프로덕트본부 > 디자인운영실 > 데이터분석팀,송명흥,INF84001,사전지표정의서,문서,pdf
397,인피니 솔루션 > 프로덕트본부 > 디자인운영실 > 데이터분석팀,송명흥,INF84001,요약데이터시각화보고서,문서,pdf
398,인피니 솔루션 > 프로덕트본부 > 디자인운영실 > 데이터분석팀,송명흥,INF84001,개정지표대시보드설계서,문서,docx
399,인피니 솔루션 > 프로덕트본부 > 디자인운영실 > 데이터분석팀,송명흥,INF84001,종합분석요청서,문서,docx
400,인피니 솔루션 > 프로덕트본부 > 디자인운영실 > 데이터분석팀,이효명,INF22605,초안지표대시보드설계서,문서,pdf
401,인피니 솔루션 > 프로덕트본부 > 디자인운영실 > 데이터분석팀,이효명,INF22605,반기별지표대시보드설계서,문서,pdf
402,인피니 솔루션 > 프로덕트본부 > 디자인운영실 > 데이터분석팀,이효명,INF22605,종합데이터시각화보고서,문서,docx
403,인피니 솔루션 > 프로덕트본부 > 디자인운영실 > 데이터분석팀,이효명,INF22605,긴급A/B테스트결과보고서,문서,pdf
404,인피니 솔루션 > 프로덕트본부 > 디자인운영실 > 데이터분석팀,이효명,INF22605,정기지표대시보드설계서,문서,pdf
405,인피니 솔루션 > 프로덕트본부 > 디자인운영실 > 데이터분석팀,이효명,INF22605,연간지표대시보드설계서,문서,pdf
406,인피니 솔루션 > 프로덕트본부 > 디자인운영실 > 데이터분석팀,이효명,INF22605,초안사용자행동분석보고서,문서,xlsx
407,인피니 솔루션 > 프로덕트본부 > 디자인운영실 > 데이터분석팀,장가숙,INF42142,월간지표대시보드설계서,문서,docx
408,인피니 솔루션 > 프로덕트본부 > 디자인운영실 > 데이터분석팀,장가숙,INF42142,정기분석요청서,문서,txt
409,인피니 솔루션 > 프로덕트본부 > 디자인운영실 > 데이터분석팀,장가숙,INF42142,분석요청서,문서,xlsx
410,인피니 솔루션 > 프로덕트본부 > 디자인운영실 > 데이터분석팀,장가숙,INF42142,분기별지표대시보드설계서,문서,csv
411,인피니 솔루션 > 프로덕트본부 > 디자인운영실 > 데이터분석팀,장가숙,INF42142,사용자행동분석보고서,문서,docx
412,인피니 솔루션 > 프로덕트본부 > 디자인운영실 > 데이터분석팀,장가숙,INF42142,통합A/B테스트결과보고서,문서,docx
413,인피니 솔루션 > 프로덕트본부 > 디자인운영실 > 데이터분석팀,장가숙,INF42142,신규A/B테스트결과보고서,문서,docx
414,인피니 솔루션 > 프로덕트본부 > 디자인운영실 > 데이터분석팀,장가숙,INF42142,확정분석요청서,문서,pptx
415,인피니 솔루션 > 프로덕트본부 > 디자인운영실 > 데이터분석팀,장가숙,INF42142,상세분석요청서,문서,docx
416,인피니 솔루션 > 프로덕트본부 > 디자인운영실 > 데이터분석팀,장가숙,INF42142,사전사용자행동분석보고서,문서,csv
417,인피니 솔루션 > 프로덕트본부 > 디자인운영실 > 데이터분석팀,장지명,INF51281,상세지표정의서,문서,xlsx
418,인피니 솔루션 > 프로덕트본부 > 디자인운영실 > 데이터분석팀,장지명,INF51281,사후분석요청서,문서,csv
419,인피니 솔루션 > 프로덕트본부 > 디자인운영실 > 데이터분석팀,장지명,INF51281,데이터시각화보고서,문서,txt
420,인피니 솔루션 > 프로덕트본부 > 디자인운영실 > 데이터분석팀,한수석,INF12721,초안데이터시각화보고서,문서,docx
421,인피니 솔루션 > 프로덕트본부 > 디자인운영실 > 데이터분석팀,한수석,INF12721,월간지표정의서,이미지,gif
422,인피니 솔루션 > 프로덕트본부 > 프로덕트기획실 > 솔루션기획팀,강두우,INF59859,초안정책정의서,문서,pdf
423,인피니 솔루션 > 프로덕트본부 > 프로덕트기획실 > 솔루션기획팀,강두우,INF59859,연간릴리즈계획서,이미지,png
424,인피니 솔루션 > 프로덕트본부 > 프로덕트기획실 > 솔루션기획팀,강두우,INF59859,요약사용자시나리오문서,이미지,jpeg
425,인피니 솔루션 > 프로덕트본부 > 프로덕트기획실 > 솔루션기획팀,서도기,INF30578,신규화면설계서,문서,pptx
426,인피니 솔루션 > 프로덕트본부 > 프로덕트기획실 > 솔루션기획팀,서도기,INF30578,종합기능정의서,문서,docx
427,인피니 솔루션 > 프로덕트본부 > 프로덕트기획실 > 솔루션기획팀,서도기,INF30578,초안릴리즈계획서,문서,docx
428,인피니 솔루션 > 프로덕트본부 > 프로덕트기획실 > 솔루션기획팀,신신기,INF26191,상세서비스기획안,문서,docx
429,인피니 솔루션 > 프로덕트본부 > 프로덕트기획실 > 솔루션기획팀,신신기,INF26191,상반기요구사항명세서,문서,csv
430,인피니 솔루션 > 프로덕트본부 > 프로덕트기획실 > 솔루션기획팀,이지신,INF47829,개정서비스기획안,문서,docx
431,인피니 솔루션 > 프로덕트본부 > 프로덕트기획실 > 솔루션기획팀,이지신,INF47829,상반기사용자시나리오문서,문서,docx
432,인피니 솔루션 > 프로덕트본부 > 프로덕트기획실 > 솔루션기획팀,이지신,INF47829,종합사용자시나리오문서,문서,xlsx
433,인피니 솔루션 > 프로덕트본부 > 프로덕트기획실 > 솔루션기획팀,이지신,INF47829,긴급정책정의서,문서,txt
434,인피니 솔루션 > 프로덕트본부 > 프로덕트기획실 > 솔루션기획팀,이지신,INF47829,임시화면설계서,문서,pdf
435,인피니 솔루션 > 프로덕트본부 > 프로덕트기획실 > 솔루션기획팀,이지신,INF47829,분기별요구사항명세서,문서,docx
436,인피니 솔루션 > 프로덕트본부 > 프로덕트기획실 > 솔루션기획팀,이지신,INF47829,종합정책정의서,이미지,png
437,인피니 솔루션 > 프로덕트본부 > 프로덕트기획실 > 솔루션기획팀,장숙한,INF59320,사후화면설계서,문서,docx
438,인피니 솔루션 > 프로덕트본부 > 프로덕트기획실 > 솔루션기획팀,장숙한,INF59320,특별요구사항명세서,문서,xlsx
439,인피니 솔루션 > 프로덕트본부 > 프로덕트기획실 > 솔루션기획팀,장숙한,INF59320,반기별사용자시나리오문서,문서,pdf
440,인피니 솔루션 > 프로덕트본부 > 프로덕트기획실 > 솔루션기획팀,최원옥,INF14803,상세기능정의서,문서,xlsx
441,인피니 솔루션 > 프로덕트본부 > 프로덕트기획실 > 솔루션기획팀,최원옥,INF14803,분기별화면설계서,문서,pdf
442,인피니 솔루션 > 프로덕트본부 > 프로덕트기획실 > 솔루션기획팀,최원옥,INF14803,개별기능정의서,문서,docx
443,인피니 솔루션 > 프로덕트본부 > 프로덕트기획실 > 솔루션기획팀,최원옥,INF14803,월간기능정의서,문서,csv
444,인피니 솔루션 > 프로덕트본부 > 프로덕트기획실 > 솔루션기획팀,최원옥,INF14803,개별서비스기획안,문서,csv
445,인피니 솔루션 > 프로덕트본부 > 프로덕트기획실 > 솔루션기획팀,최원옥,INF14803,초안화면설계서,문서,pdf
446,인피니 솔루션 > 프로덕트본부 > 프로덕트기획실 > 솔루션기획팀,최원옥,INF14803,최종서비스기획안,문서,xlsx
447,인피니 솔루션 > 프로덕트본부 > 프로덕트기획실 > 솔루션기획팀,최원옥,INF14803,특별사용자시나리오문서,이미지,gif
